,tweet_id,text,retweet_count,created_at
0,1648384048266354688,"The Biden crime family participated in human trafficking by soliciting prostitutes from the United States and abroad in countries like Russia and Ukraine.

There is an entire crime enterprise wrapped around Joe Biden and his family.

 has a much bigger investigation‚Ä¶ https://t.co/sPju9DZN8I https://t.co/AGUBqfxTLs",10191,Tue Apr 18 17:52:37 +0000 2023
1,1648350424699658243,"Jordan's about to bust it wide open.

Should Joe and Hunter Biden be hauled in to testify under oath?
https://t.co/Sim5Cr6M1y",3278,Tue Apr 18 15:39:00 +0000 2023
2,1648396765702266906,"Two kids were tragically shot by homeowners after showing up to the wrong house over the weekend.

One lived. One died.

Joe Biden only spoke to the families of one of them, as well as invited them to the White House.

Why do you think that might be? üßê https://t.co/m0vqIzHN1e",2907,Tue Apr 18 18:43:09 +0000 2023
3,1648723525778423808, People that approve of the job Biden is doing are lying to themselves and everyone else.,0,Wed Apr 19 16:21:35 +0000 2023
4,1648723525338021888,"  Typical  hypocrisy going after any and all Biden family members while completely ignoring Ivanka‚Äôs China patents and Jared‚Äôs 2 million fund from Saudis while working so close with them. Why, you may ask? Simply being dishonest.  #GOPHypocrisy",0,Wed Apr 19 16:21:34 +0000 2023
5,1648723525186846721," Kevin McCarthy, Trump's new man, peels his fangs and begins to obstruct the Biden administration",0,Wed Apr 19 16:21:34 +0000 2023
6,1648723523450421250,   oh yeesssss Biden is the criminal,0,Wed Apr 19 16:21:34 +0000 2023
7,1648723522485645315,"Robert F. Kennedy Jr. launches Democratic challenge against Biden, vows to fight 'corporate feudalism'

https://t.co/9UWzjSgaBQ",0,Wed Apr 19 16:21:34 +0000 2023
8,1648723517238542336,"       Most of Fox News are War mongering, Paul Ryan Left wing, Democrat, Biden Crime Family supporting uni-party communist pigs - Like Hollywood. 
The Election Was Stolen; 
Laws were changed illegally, 
Mules stuffed Boxes/polling places.
Deep State Staged phoney 'insurrection' Etc.. https://t.co/zx948wxvDF",0,Wed Apr 19 16:21:32 +0000 2023
9,1648723515279851521," Biden doesn‚Äôt know what an assault weapon is. To describe it describes all weapons, it describes a chain, a box opener, a rolling pin. Let‚Äôs get a straight talker back
In there,",0,Wed Apr 19 16:21:32 +0000 2023
10,1648723514373947394,  What does this have to do with the Biden crime family?,0,Wed Apr 19 16:21:32 +0000 2023
11,1648723511958200320,"A precious 8 year old little girl was found at our Border with 67 different traces of DNA inside of her. 
(Kari Lake)
Joe Biden, please do something about the border.",0,Wed Apr 19 16:21:31 +0000 2023
12,1648723506538921984," 2023, this is Biden's America, more SHOOTINGS than ever; more RACISM  than ever; more DIVISION than ever; more INFLATION than ever,  more NUCLEAR fear than ever.  Congratulation you picked the best president ever, id¬°0ts.",0,Wed Apr 19 16:21:30 +0000 2023
13,1648723505754537989, Trying to help a Republican by diving Biden vote .,0,Wed Apr 19 16:21:30 +0000 2023
14,1648723505301553171," some of this may be bc of Biden, undoubtedly, but the USA has neglected the region for decades and these numbers reflect that neglect.",0,Wed Apr 19 16:21:30 +0000 2023
15,1648350421117812736,"Rep. Comer to Newsmax: 'Nine' Bidens Implicated, Evading IRS 
‚Å¶‚Å© ‚Å¶‚Å© ‚Å¶‚Å© ‚Å¶‚Å© ‚Å¶‚Å© ‚Å¶‚Å© ‚Å¶‚Å© ‚Å¶‚Å© ‚Å¶‚Å©  https://t.co/uSVxBtC5kr",0,Tue Apr 18 15:38:59 +0000 2023
16,1648350418391400448, Biden said it‚Äôs capitalism to the shareholders when the banks went down so he better stick to his capitalism narrative when CRE panic starts,0,Tue Apr 18 15:38:59 +0000 2023
17,1648350416273301506,"Joe Biden will go down in history as the FOOL who ENDED the American Century‚Äîwith LONG discredited socialist voodoo economics (click ""Show this thread"") &amp; Climate Change gibberish. Marxist lunatics control the WH and they have DESTROYED the petro$‚ÄºÔ∏è SeeüëÜ

https://t.co/CYTNW8WHFR",1,Tue Apr 18 15:38:58 +0000 2023
18,1648350413265969157, Unreal all the people in here oblivious to what Biden has been doing for years. Taking millions and selling out our country. Banks have red flagged almost 100 deposits of biden and family members. That's a fact  that's done when criminal activity is suspected like money launderin,0,Tue Apr 18 15:38:58 +0000 2023
19,1648350412393807873," Why no arrests???
People suck
Thanks biden",0,Tue Apr 18 15:38:57 +0000 2023
20,1648350412372623360," ""Them"" are you going to put a gold star on ""them""?

Do you really think people were so excited for Joe Biden that he got more votes than Obama?

What do you think explains that?  Have you seen this Time Magazine story?

https://t.co/baqLD3h7Zr",0,Tue Apr 18 15:38:57 +0000 2023
21,1648350411168837637,"Sometimes, a set of #pictures can speak an entire #argument without using a single spoken word.
üëé4 #Ukraine/#Biden/#Kyiv pics all PROVE what should have been clear to all, w/ #eyestosee, if they ONLY HAD A TRUE #TV
#GhostInTheMachine
#RussiaUkraineWar/#UkraineWar/#PentagonLeak https://t.co/Km89YwDki7",0,Tue Apr 18 15:38:57 +0000 2023
22,1648350403145375745, The Biden family is so well insulated by federal institutions and the media that nothing will happen to them.  However if Trump should win in 2024 then expect Biden to be prosecuted.  Democrats have shot all their bullets at Trump‚Ä¶..nothing left.  Trump will be on a mission.,0,Tue Apr 18 15:38:55 +0000 2023
23,1648350396094590976,Donald Trump got 120 million votes or more. Biden received around 20 million at best. Three states or fewer voted for biden. https://t.co/K6eYq2UvoK,0,Tue Apr 18 15:38:53 +0000 2023
24,1648350395033436161, Yet and still it's not enough why don't you just use up all the free spaces of land so that you can have your green agenda.  Are you being paid by the Biden regime too as an influencer? Kind of sounds that way,1,Tue Apr 18 15:38:53 +0000 2023
25,1648350395033350146," Where are the quotes from Biden and the dems they are doing this because the fossil fuel industry spoke out agaisnt them

The fact that Florida legislators said the quiet part out loud changes things and the scenarios aren‚Äôt the same",0,Tue Apr 18 15:38:53 +0000 2023
26,1648350389664612356,"  I think he already passed him, it didn‚Äôt help when Biden used them to reversed things like Trumps $35 cap on insulin for everyone.",0,Tue Apr 18 15:38:52 +0000 2023
27,1648350389043961856, I‚Äôm a conservative but come on Tim how is this a Biden fail? Let‚Äôs not reach and be like the dems.,0,Tue Apr 18 15:38:52 +0000 2023
28,1648350386682753024,  Biden probably gave them to drag queens for training,0,Tue Apr 18 15:38:51 +0000 2023
29,1648350381385105408," It‚Äôll be so undignified watching Biden, 4 years older and even more senile, muddle his way through 2024 while Trump does an I Told You So tour.",0,Tue Apr 18 15:38:50 +0000 2023
30,1648350378201628672, Good. I think these governors need to finish the job they were elected to do in their states. Too bad Trump and Biden don‚Äôt have a foot race up Air Force One‚Äôs steps. Even Biden holding the handrails wouldn‚Äôt help.,0,Tue Apr 18 15:38:49 +0000 2023
31,1648350367397171206, Joe Biden has made Americans unsafe.,0,Tue Apr 18 15:38:47 +0000 2023
32,1648350363634786307,'WHAT DATA SAYS IT' Biden's aide left STUTTERING After Matt Gaetz NAILS ... https://t.co/tLhL0NS86d via ,0,Tue Apr 18 15:38:46 +0000 2023
33,1648350361055535104," Just a reminder, so Biden can send all your money overseas and back to his pockets. The corrupt government of America!",0,Tue Apr 18 15:38:45 +0000 2023
34,1648350356391313415,"  I have been asking how 150 million + voted in the 2020 presidential when only 135 million were registered to vote that has just baffled me, and that no one is talking about the numbers here so Biden got 81milluon + and Trump got 71million that's 152million so 17million illegal",1,Tue Apr 18 15:38:44 +0000 2023
35,1648350355057438720,   Those are Donnie's shoes. Biden would take a chance on catching something from wearing them,0,Tue Apr 18 15:38:44 +0000 2023
36,1648350352981258244,Investment taxed at 86% ‚Äî¬†Biden's tax plan would kill Wall Street https://t.co/JhDgoWWLxz via ,0,Tue Apr 18 15:38:43 +0000 2023
37,1648350344814919685,Did Biden resign yet?,0,Tue Apr 18 15:38:41 +0000 2023
38,1648350344408100865, she has never had any evidence for anything she spews. she's going to expose biden on her podcast? she's a clown.,0,Tue Apr 18 15:38:41 +0000 2023
39,1648350342785163266,  Your budget provides assistance to a corrupt foreign leader to launder money back to Joe Biden. You will be held accountable for your complicity.,0,Tue Apr 18 15:38:41 +0000 2023
40,1648350341430403072," Biden - a failure
Behar - a failure
Pelosi - a failure
Carter - a failure
Navarro - a failure

Age is no excuse for being a failure - but I guess being a Marxist is! ü§¶‚Äç‚ôÇÔ∏è",0,Tue Apr 18 15:38:40 +0000 2023
41,1648350340968853504," You and Biden are taking money OUT of our pockets, Gretch. https://t.co/yCVn1hO77L",3,Tue Apr 18 15:38:40 +0000 2023
42,1648350336019742721,   So should Biden then.,0,Tue Apr 18 15:38:39 +0000 2023
43,1648350335897939969,  Blue moon is owned by Miller coors. They did a similar can a few years ago,0,Tue Apr 18 15:38:39 +0000 2023
44,1648350332609757184,BIDEN MAFIA! New Financial Records Reveal SIX ADDITIONAL Biden Family Members Involved in Shady Overseas Deals,0,Tue Apr 18 15:38:38 +0000 2023
45,1648350326989426693,  Who cares about Hunter Biden?  Did he take a 2 billion dollar deal from the Saudi‚Äôs?  Does Hunter Biden have security clearance in the WH? Does he hold any official position?  Please knock it off about the cult talking point that doesn‚Äôt mean squat.  Let‚Äôs talk about Jared.,0,Tue Apr 18 15:38:37 +0000 2023
46,1648350325970026497," Chucky Schumer, as always, believes regular Americans are ignorant.  The Biden Admin ""temporarily"" boosted food stamps &amp; Medicaid (note nothing for middle class) due to covid. The pandemic has been de Laredo over so it is time to go back to normal. This is not ""curring""",0,Tue Apr 18 15:38:37 +0000 2023
47,1648350324732600321, Pete quit tweeting and start fixing the mess you made! You‚Äôre not doing your job! You are just like all of Biden‚Äôs clowns. Appointment for appearance not competence. What a clown act running our country‚Ä¶ ü§° ü§° ü§° https://t.co/PxhiEgJd2h,0,Tue Apr 18 15:38:36 +0000 2023
48,1648350322690252800," The Joe Biden impeachment has been postponed until such time as he commits a crime. Examples of possible crimes he could commit:

Trying to extort an ally for dirt on a political opponent.

Trying to overthrow the U.S. government with a bloody insurrection.",0,Tue Apr 18 15:38:36 +0000 2023
49,1648350321947860995,   Good to know you‚Äôre keeping track of Biden‚Äôs bowel movements.,0,Tue Apr 18 15:38:36 +0000 2023
50,1648350317052829697,"Ask   or maybe not, because he won't know either. He sold the UK out, to keep Biden happy. https://t.co/AV0HMLaJR8",1,Tue Apr 18 15:38:35 +0000 2023
51,1648350314695737345, Fentanyl and Abortion kill millions more. https://t.co/DBE0B39sME,0,Tue Apr 18 15:38:34 +0000 2023
52,1648350311671558144,"https://t.co/6XkuIFcoBF
   Quit quoting Chinese proverbs &amp; do something. America has apologized for our prosperity for 20 years; Americans should have their cake and eat it too in 2023 but Biden's administration has spent $6 trillion in 3 years &amp; we haven't fired one shot.",0,Tue Apr 18 15:38:33 +0000 2023
53,1648350310178656256,"How Manchin, Sinema, and Tester could deal major blow to Biden https://t.co/kKGlC8i4UQ",0,Tue Apr 18 15:38:33 +0000 2023
54,1648350308945231872,How GOP is now investigating nine Biden family members https://t.co/vboJLaHkZW,0,Tue Apr 18 15:38:33 +0000 2023
55,1648350308853243904,"  Anyone else pay more taxes this year and I made less than $400,000!  Thought lying, cheat Biden said our taxes would not go up!  Plus we‚Äôre paying all those inflated prices!  Impeach Biden now!  He lies about everything and he‚Äôs nothing but a cheater!",0,Tue Apr 18 15:38:33 +0000 2023
56,1648350308823879687, But they want to talk about Biden's cognition?,0,Tue Apr 18 15:38:33 +0000 2023
57,1648350300674113539, The kind of Self-loathing suburban white women who put America on a path to destruction with Barack Hussein Obama and his Senile Puppet Biden.,0,Tue Apr 18 15:38:31 +0000 2023
58,1648350299134754816,Analysis: Biden's Migrants to Enjoy Multi-Billion-Dollar Welfare Payday https://t.co/9BdgKFC8Aa,0,Tue Apr 18 15:38:30 +0000 2023
59,1648350298568552449," Here‚Äôs an explanation of the debt that‚Äôs way more accurate than your misrepresentation.

https://t.co/CJYdr4OJmB. 

And it comes from a democrat network.",0,Tue Apr 18 15:38:30 +0000 2023
60,1648350298262347780,"    And a Biden indictment, lacking any evidence, wouldn‚Äôt be..? Keep chasing your tail. You make zero sense.  Any sequence, font, or caps won‚Äôt change that. You embarrass yourself bro. Sucking the gray of a billionaire that would sacrifice your soul for a $25 donation.",0,Tue Apr 18 15:38:30 +0000 2023
61,1648350297478299652," Giving DeSantis Illinois and Biden Georgia... now that's fascinating. Like, of those two options, you pick Illinois as the one Biden manages to lose?",0,Tue Apr 18 15:38:30 +0000 2023
62,1648350296307892226,"  So, just to be clear. You don't see any problems with Hunter or any other Biden doing, selling influence to foreign governments?",0,Tue Apr 18 15:38:30 +0000 2023
63,1648350292956573698," Biden, and the DEM elite, promote racism and hate, and excuse the unlawful activities of Antifa. Of course he's going to keep using the SPLC to uphold his own hateful agenda.",0,Tue Apr 18 15:38:29 +0000 2023
64,1648350290876178433,   So what does joe biden have to do with Lauren boebert being a poor parent????,0,Tue Apr 18 15:38:28 +0000 2023
65,1648350282865336325,    Everything about this Hunter Biden thing is a joke. The year that this happened it was looked into by Congress and found there was nothing they could do because Hunter had done nothing wrong. When Trump was trying to dig up dirt he made up shit about Hunter.,0,Tue Apr 18 15:38:26 +0000 2023
66,1648350282382811146, Cue Republicans getting pissed because Biden's doing this by EO in 3..2..1..,0,Tue Apr 18 15:38:26 +0000 2023
67,1648350280709275648,Trump aide's legal group: Biden involved in approving Mar-a-Lago raid https://t.co/kUxrCLgIm4 via ,1,Tue Apr 18 15:38:26 +0000 2023
68,1648350275902603264,  About 5% of the U.S. population is trans. It‚Äôs an OUTRAGE to allow BIOLOGICAL men to compete against REAL WOMEN! What you THINK you are does NOT change your biology. Are Burgas next from Biden ? Every woman needs to vote Republican and stop this INSANITY !,0,Tue Apr 18 15:38:25 +0000 2023
69,1648350275860832256,  Imagine that.  The utter corruption of the Biden's is far deeper than most realize.  This is good information.  Thanks for sharing this.  This guy needs to be heard.,0,Tue Apr 18 15:38:25 +0000 2023
70,1648350275147825153,"Trump complained after Elon Musk revealed in a interview, that he voted for the current president in the 2020 election.  But Trump believes Musk is merely mending fences with Pres. Biden to obtain government subsidies for his company.
https://t.co/AHoLDp1mHC",0,Tue Apr 18 15:38:25 +0000 2023
71,1648350272341831682, Joe Biden is just another Democratic Party pedophile. The Democrats are ruled by pedophiles!,0,Tue Apr 18 15:38:24 +0000 2023
72,1648350272173887489," It was really dastardly of Biden and Durbin to plot for Feinstein's health to degrade in the middle of her term. Or do you think they had the power to block her re-election in '18, or wanted to set the precedent of kicking an accomplished party veteran off her chosen committee?",0,Tue Apr 18 15:38:24 +0000 2023
73,1648350270961614849,"  Trump is able to open the door on his own, in contrast to the feeble nitwit Biden.",0,Tue Apr 18 15:38:24 +0000 2023
74,1648350270366134273,Pay your taxes in due time and be careful where you put your money; I heard there's a nasty short-seller out there crushing Americans ü§£ $SPY $QQQ #trading #Biden $AMZN $AAPL $TSLA $NVDA $AMD #bitcoin $AI https://t.co/bTgDeFZbqm,1,Tue Apr 18 15:38:23 +0000 2023
75,1648350269665693700, You need to have another look at the Nicola Bulley case Peter. Her so called friends interviews come across as cold. Apparently Nicola was an anti mRNA jabber and tweeted about her dislike of Biden. I wonder if the locals turned against her,0,Tue Apr 18 15:38:23 +0000 2023
76,1648350267488845825,"#Biden,decoupling from #China'sNOTrealistic&amp;if #Xi GIVES #Putin #military AID#UkraineRussianWar,#Zelensky CAN'Twin&amp;China's #exports NEED #USA+#NATO MORE‚ÜíNO+BRAVADOagstXi(BUTkeep #Taiwan #policy)&amp;OfferXi(BackChannel)#FMI-#WorldBank #haircut 4REAL #neutrality#Ukraine. https://t.co/4nV3Xq114a https://t.co/lHMtA5jImY",0,Tue Apr 18 15:38:23 +0000 2023
77,1648350262573113347,It's absolutely not a coincidence the most ideological politicians in favor of capitalism s e.g. Pelosi and Biden are themselves filthy stinking rich. Why don't Biden/Pelosi vote for higher taxes? Why don't Turkeys vote for Xmas?,0,Tue Apr 18 15:38:22 +0000 2023
78,1648350262518480896, I believe her the Biden are killing us they stole the election,0,Tue Apr 18 15:38:22 +0000 2023
79,1648350262480838656,Now removed the brain cancer ü•¥ #Biden https://t.co/kx7LY6viFz,0,Tue Apr 18 15:38:22 +0000 2023
80,1648350261180784641," Fake news and the Biden administration are on the one hand. The Lamestream media has always been on the side of corrupt regimes. If Biden is lying about the war in Ukraine, Biden's huge corruption may be hidden. He enriched the Dems and leftists by using tax money from the people",0,Tue Apr 18 15:38:21 +0000 2023
81,1648350258915573761,"FACT:

A ""TRANS"" PERSON has more ""rights"" and protections than a BIDEN in this country.",5,Tue Apr 18 15:38:21 +0000 2023
82,1648350256369745921,"BREAKING: Marjorie Taylor Greene Says Biden Crime Family Revelations Show Millions Being Laundered, A Human Sex Trafficking Ring, And More https://t.co/qs9I4fUAau",289,Tue Apr 18 15:38:20 +0000 2023
83,1648350250145312768," Go back and stay. We won‚Äôt mind. Btw give up your passport. Oh and way to go! Separating folks is the Democrat way, even around the world. https://t.co/uYxxkKhioD",0,Tue Apr 18 15:38:19 +0000 2023
84,1648350242876563456,  nah.  Kevie.  Biden is waiting on your budget.,0,Tue Apr 18 15:38:17 +0000 2023
85,1648350238082727936,This should never happen President Biden. Quit fighting against the constitution and uphold it. https://t.co/eRJizNd6pL,0,Tue Apr 18 15:38:16 +0000 2023
86,1648350236694151170,"in all seriousness, this poll was basically 50/50

i think that says a lot about fooo and ches character

biden couldnt get to 6.9% votes in any polls

against singers https://t.co/6uuKvVLa1C",0,Tue Apr 18 15:38:15 +0000 2023
87,1648350234651574272," A hard fought for freedom and Sovereignty
Which Current Government would like to 
Hand it over to NATO
By removing √âireanns Neutrality
Biden was representing NATO in Ireland
As seen by the flags on display
Within the Irish Presidents Residence
hmm ? 
https://t.co/rSXf5tvmni https://t.co/eTOtp6bGnw",0,Tue Apr 18 15:38:15 +0000 2023
88,1648350233137500168,    If only we were all as devoutly honest and principled as the Democratic Party. Hunter Biden for instance. Paragon of honesty. Right clown man?,0,Tue Apr 18 15:38:15 +0000 2023
89,1648350230793064452,Staff Announcement About Biden Calling an Early 'Lid' Shows He's Getting Worse https://t.co/c1Lo4uvjr0,0,Tue Apr 18 15:38:14 +0000 2023
90,1648350227709952000, God created man and woman. The fact that The Woke (inc. Biden) don't believe that is proof positive that they don't believe in God. They probably never did.,0,Tue Apr 18 15:38:13 +0000 2023
91,1648350225906409472,"Republicans pass bill to protect women &amp; girls by keeping trans men out of women‚Äôs sports. 
    Biden, the vile pervert who showered with his 10 year old daughter, will veto it. 
   Abiding women &amp; girls is a Democrat thing. 
   NEVER VOTE FOR A DEMOCRAT, - THEY ARE ALL SCUM!",0,Tue Apr 18 15:38:13 +0000 2023
92,1648350225105313792,"   Now you‚Äôre deflecting about Trump. What is it with you.? Please FOCUS on the person we are discussing. It‚Äôs not Biden and it‚Äôs not Trump. It‚Äôs DeSantis. And no, he has not denounced the Nazis in his State.",0,Tue Apr 18 15:38:13 +0000 2023
93,1648350223184408578,"Turley: The Biden Family Business Is Basically Influence Peddling, Took It To An ""Unprecedented"" Degree  https://t.co/WOluLvjgMf",0,Tue Apr 18 15:38:12 +0000 2023
94,1648350222790082560, Imagine being so stupid as to still believe Joe Biden got 81 million legal votes.,0,Tue Apr 18 15:38:12 +0000 2023
95,1648350222278328322,Gaetz Resolution Would Force Biden to Reveal Troop Numbers In Ukraine https://t.co/3TBX9Mmwyq via ,0,Tue Apr 18 15:38:12 +0000 2023
96,1648350221087260675,"  https://t.co/nbwj5K5P1f
This the fool that 90%+ Blacks vote for?! Lmao. Yet you have NO CHOICE but to keep voting for them. Imagine not understanding that you're voting for your OPPRESSORS.",0,Tue Apr 18 15:38:12 +0000 2023
97,1648350218239213570, What a disaster for America ‚Ä¶ Biden,0,Tue Apr 18 15:38:11 +0000 2023
98,1648350216154742788,Dear  https://t.co/5PfhNTkXfY,0,Tue Apr 18 15:38:11 +0000 2023
99,1648350213466193922," Apparently there are no laws into how many you can sign. As long as there are not, it's open season for Biden. Looks more like a totalitarian regime to me---",0,Tue Apr 18 15:38:10 +0000 2023
100,1648350210207121409,"                  Following all, retweeted!
Biden/Harris 2024!
IFB Blue Voters 100%!
Okay to add to Blue Voter Lists! https://t.co/BuWXTzy5th",0,Tue Apr 18 15:38:09 +0000 2023
101,1648350207271137281," Biden will win Mississippi and Alabama in 2024, if they continue to trend rapidly as I believe they will",0,Tue Apr 18 15:38:08 +0000 2023
102,1648350206050664451,"Former Biden and Raimondo staffer  makes it official.

He is the 14th candidate to announce a run for Congress in #RI01

Here's the full list:

https://t.co/tyU8wochD9 https://t.co/7X7KcADgQI",3,Tue Apr 18 15:38:08 +0000 2023
103,1648350203546566656,  Absolutely! Then why in the world after his extraordinarily bad performance would you vote for Biden?,0,Tue Apr 18 15:38:08 +0000 2023
104,1648350201378226178,  Doesn‚Äôt matter either way but idk how anyone voted for a guy who campaigned out of his basement. It‚Äôs actually quite scary to think people were convinced Biden was the right choice‚Ä¶. He‚Äôs literally asleep at the wheel,0,Tue Apr 18 15:38:07 +0000 2023
105,1648350198941249540, Before Biden came in most of them were able to pay for everything they need help for now.,0,Tue Apr 18 15:38:06 +0000 2023
106,1648350197544804352,    Biden's been in charge and did enact increases in taxes on every single segment of our population.  Trump decreased taxes on the middle class and was vilified for it.,0,Tue Apr 18 15:38:06 +0000 2023
107,1648350195887874053, Without a doubt! Biden is a mathematical impossibility... I guess that is why they are pushing to get rid of math!,0,Tue Apr 18 15:38:06 +0000 2023
108,1648350194726055937,"  It's not looking good for the biden crime family.
Republicans: SIX MORE Biden family members benefitted from shady deals https://t.co/oT8IUFYQgp via https://t.co/N5lUisMWBC",2,Tue Apr 18 15:38:05 +0000 2023
109,1648350193106968578,   Go het another booster and Hunter needs a babysitter and Biden needs a nursing home,0,Tue Apr 18 15:38:05 +0000 2023
110,1648350188304494593,"   You'll go straight to narrative friendly outlets and backdoor podcasts to seed doubt, but you will NEVER recommend a single Biden for prosecution.  We know the drill.  You did this to Hillary Clinton.",0,Tue Apr 18 15:38:04 +0000 2023
111,1648350186014482433, Biden family corrupt!,0,Tue Apr 18 15:38:03 +0000 2023
112,1648350184911380481," More lies from the criminally insane..

How many BILLLIONS has the BIDEN CRIME FAMILY stolen from the American People over the years??",0,Tue Apr 18 15:38:03 +0000 2023
113,1648350183187443715, Carson‚Äôs is another socialist/liberal on Biden‚Äôs cabinet. He does not respect nor wants parents to have a say in a child‚Äôs education which is BS!,0,Tue Apr 18 15:38:03 +0000 2023
114,1648350181719678978," desantis literally did the virgin walk right next to biden being a huge chad getting friendly with florida guy and his wife

all in the same photo",0,Tue Apr 18 15:38:02 +0000 2023
115,1648350180713062401, Just 40? What about Congress ? Biden?,0,Tue Apr 18 15:38:02 +0000 2023
116,1648350180113018881,"  The only crickets have been your budget plan. Which is what Biden told McCarthy he needed to back with, since he'd already presented his budget.
You guys can't even agree on what to do.
Pathetic.",2,Tue Apr 18 15:38:02 +0000 2023
117,1648350179966238724, Look at trump and fox snd ignore the pentagon leaks that showed media colluded with biden admin to lie to the public. Its funny how a news source was at the leaders house before the fbi. Kinda like cnn just happened to be at stones house when he was raided.,0,Tue Apr 18 15:38:02 +0000 2023
118,1648350179307794432,McCarthy preps House GOP debt deal to draw Biden into talks https://t.co/r8ThVPLkP4,0,Tue Apr 18 15:38:02 +0000 2023
119,1648350177818730496,Gillibrand Rejects AOC's Calls For Biden Admin To Ignore Abortion Pill Ruling: 'It's Hard To Ignore The Rule Of Law',0,Tue Apr 18 15:38:01 +0000 2023
120,1648350171963568128,"Riley Gaines shreds Biden promise to veto bill protecting women's sports: 'Catering to a radical minority'

https://t.co/CfNH0l0SVX",14,Tue Apr 18 15:38:00 +0000 2023
121,1648350170722062342,"The National Archives Just Made Biden Document Confession
https://t.co/fIqnPEA6N9",0,Tue Apr 18 15:38:00 +0000 2023
122,1648350170470391811,"  Why is Biden working so hard to make Trump look like a great president?
Trump is a terrible person but was a better president than Biden.",0,Tue Apr 18 15:38:00 +0000 2023
123,1648350170323767296,"Apparently  is more important than Pres. Biden and his judicial nominees, and would rather doom millions of women, voters, and children, than admit she can no longer do her job. Time for  to throw his weight around and get this resolved. #Resign",0,Tue Apr 18 15:38:00 +0000 2023
124,1648350170285842434,"  I hope obuma &amp; 
biden go down in History for what they truly are...
Both Fake, hate
America, &amp; out to destroy the Country we all love. 
Both lied,
committed Treason, &amp; should
 receive the
punishment 
""DUE"" for their Acts of TREASON

(Hillary  Also)",0,Tue Apr 18 15:38:00 +0000 2023
125,1648350169476284417," So these vets were treated great and taken off the streets when trump had 4 years of power but just dumped in the last 3 years by the ""Biden regime""? How crazy!
Oh wait...wrong dimension. Trump did NOTHING to combat the issue in 4 years. He golfed instead. 
Now its priority?",0,Tue Apr 18 15:37:59 +0000 2023
126,1648350167421145088, You guys ever thought the reason why Biden can't talk or know where he is and touches kids inappropriately is because he is possessed by the anti-Christ?  Serious question.,0,Tue Apr 18 15:37:59 +0000 2023
127,1648350166997409797, sounds like fake news. must have not asked the gun toting patriots and rednecks. only asked the leftist. because half of them want trump back after what biden &amp; co has done to the USA,0,Tue Apr 18 15:37:59 +0000 2023
128,1648350164652810243, I'll take DeSantis--Yale/Harvard Law/Lt. Commander assign to Seal Team One Bronze Star over draft dodging 4F Trump &amp; Biden.,0,Tue Apr 18 15:37:58 +0000 2023
129,1648350162996305921," Yes, Biden is compromised  ... .his decisions show it all the time!",0,Tue Apr 18 15:37:58 +0000 2023
130,1648350158353051649, House over sight haha. The republican house investigations have been so successful. No doubt expanding to reach out lying family because the investigation into Biden and Hunter isn't going so well.... the evidence part seems to be missing or screw with by GOP Opratives.,0,Tue Apr 18 15:37:57 +0000 2023
131,1648350152766414849,"        Our allies perception of us points to ""Biden shitting all over allies"" being another thing you got completely and totally wrong.",0,Tue Apr 18 15:37:55 +0000 2023
132,1648350152724209664,The transgenders should not be in women‚Äôs sports. Biden is trying to do away with women sports!!!!,0,Tue Apr 18 15:37:55 +0000 2023
133,1648350152376156161,"Ukraine is a wasteland today, Thank you Joe Biden.... Will take a decade to rebuild; hopefully on NATO's nickel...and 1/2 the population have left...

https://t.co/W1gpMnNG2i",0,Tue Apr 18 15:37:55 +0000 2023
134,1648350152233717762, The outcome of the election came the day President Biden was elected by more than what tfg called a landslide when his numbers were less we all know it‚Äôs time to hold fox liable for their endless BS,0,Tue Apr 18 15:37:55 +0000 2023
135,1648350148987179010,"Mitch McConnell says Republicans will oppose a Democratic plan to temporarily replace an ailing and absent Senator Dianne Feinstein on the Judiciary Committee, a position that keeps a cluster of President Joe Biden‚Äôs judicial nominees stalled. 

https://t.co/FX9eCBZ7Op",0,Tue Apr 18 15:37:55 +0000 2023
136,1648350148882485250,"Biden said the new money will be used to reduce backlogs and pay for immigrants such as refugees, who aren‚Äôt required to pay anything.
Biden‚Äôs budget calls for 350 more Border Patrol agents
President Biden‚Äôs new budget calls for the hiring of 350 more Border Patrol agents, on ... https://t.co/o6neTHMavJ",0,Tue Apr 18 15:37:55 +0000 2023
137,1648350148823588864,   Under the Biden adm Musk companies have benefited from EV &amp; Solar tax incentives.  That's not ignoring his businesses,0,Tue Apr 18 15:37:55 +0000 2023
138,1648350146902540288,The #GOP is scared at the outpouring of support President Joe Biden is getting over in Ireland. Just imagine how many world votes he is going to receive in our 2024 US elections.  Joe Bluit will be our next great World President.  I stand with Joe even when he cannot.,0,Tue Apr 18 15:37:54 +0000 2023
139,1648350145480921093,"  You know what is disgusting is you leftists will vote for people so incapacitated they use body doubles just to make it look like they show up for work. You would vote for a zombie as long as he had a ""D"" next to his name.  Pelosi, Feinstein, Biden Just to name a few.",0,Tue Apr 18 15:37:54 +0000 2023
140,1648350144381984768,"Hawley‚Äôs bill to declassify information about COVID origins clears Congress, heads to Biden
WASHINGTON ‚Äî The U.S. House on Friday unanimously passed a bill that would require the Biden administration to declassify intelligence information about the origins of COVID-19. https://t.co/tDcb3PPIWF",0,Tue Apr 18 15:37:53 +0000 2023
141,1648350130762907648, I bet Biden wishes his approval rating in the USA matched his approval rating in Ireland.,0,Tue Apr 18 15:37:50 +0000 2023
142,1648350124635049986, Actually I heard that Democrats have included cuts in Medicare and SS into Biden's budget. One thing I have learned by following politics in over 25yrs is Democrats always accuse others of what they are guilty of,0,Tue Apr 18 15:37:49 +0000 2023
143,1648350123322413056, Why Republicans are not impeaching Biden???,0,Tue Apr 18 15:37:48 +0000 2023
144,1648350112500838402," How come u have nothing to say about this criminal family margie??? If ur going after Biden you better b going after these criminals as well as every elected person in government, including u! How much did u make off the Covid vaccine margie??? https://t.co/Lxwn6jsn6a",7,Tue Apr 18 15:37:46 +0000 2023
145,1648350112471556096, Switch Air Force One out with this one.  Let Biden walk the walk,0,Tue Apr 18 15:37:46 +0000 2023
146,1648350109078556672,Biden has been on the WRONG Side of every important issue for his ENTIRE career in Politics..,0,Tue Apr 18 15:37:45 +0000 2023
147,1648350107522179074, The Biden administration ladies and gentlemen.. destroying America one day at a time.,0,Tue Apr 18 15:37:45 +0000 2023
148,1648350104380665857,  Maybe I'm misunderstanding. Wasn't Obama's margin over Romney only 1 point less than Biden's margin over Trump in NH? I'm saying that there are probably a decent number of Romney-Biden and Obama-Trump voters despite the similar margin.,0,Tue Apr 18 15:37:44 +0000 2023
149,1648350102086381568," On the contrary, Biden and other Democrats assured us that these rushed shots - that they were trying to scare us about just months earlier when Trump was pushing for them - would protect us from coronavirus. They don‚Äôt, but the drug companies got immunity. That‚Äôs 100% fact.",0,Tue Apr 18 15:37:43 +0000 2023
150,1648350098882011137,"NEW: 9 people involved in the Afghanistan withdrawal, from current officials to veterans, say Biden's new defense of his policy is a dishonest political gambit--ignoring his mistakes and ongoing struggles to help Afghans + those traumatized by the pull-out
https://t.co/eVDJIm08r9",15,Tue Apr 18 15:37:43 +0000 2023
151,1648350094062678020,Dear  https://t.co/5PfhNTkXfY,0,Tue Apr 18 15:37:41 +0000 2023
152,1648350090594070534,  Impeach Biden.,0,Tue Apr 18 15:37:41 +0000 2023
153,1648350088182284295, How did you become a millionaire many times over Biden. Only the Chinese and Ukraine knows for sure huh PedoJoe!,0,Tue Apr 18 15:37:40 +0000 2023
154,1648350077243518976,"Because the federal government has declared the pandemic to be over, COVID has continued to run rampant. 

https://t.co/6Q8U9uxyZK",0,Tue Apr 18 15:37:37 +0000 2023
155,1648350074538274820,"  yall think you can come after innocent Americans?! The Lap dogs of the Biden Administration. Letting H. Biden the disgusting crackhead pedophile that he is, and yall are doing everything to protect the real criminals! WE THE PEOPLE MOFO'S!",0,Tue Apr 18 15:37:37 +0000 2023
156,1648350073074470913, How many times were you attentive and posted about these types of transportation concerns prior to joint piling on the Biden admin after the Ohio train derailment? How derailments took place under Trump? What regulations were peeled back during his term?,0,Tue Apr 18 15:37:36 +0000 2023
157,1648350070192893952,"In a gesture of kindness and compassion, Joe Biden has invited Ralph Yarl to the White House. Democrats honor victims of gun violence while Republicans celebrate those that incite it.",21,Tue Apr 18 15:37:36 +0000 2023
158,1648350068762656768,Little Racist Runt Stephen Miller's legal group recycles debunked claims about Biden's supposed involvement in the recovery of documents from Mar-a-Lago üôÑ Evil little fuck https://t.co/9YI5Vj8Bo2,0,Tue Apr 18 15:37:35 +0000 2023
159,1648350056133664770, Seeing Biden and child in the same sentence is an immediate cause for alarm.,0,Tue Apr 18 15:37:32 +0000 2023
160,1648350054028136448,"Biden's weak leadership: Letters to the Editor ‚Äî April 18, 2023 https://t.co/53SYO0cAsA via ",0,Tue Apr 18 15:37:32 +0000 2023
161,1648350053906649089,It is going to be impossible to get Biden's EV tax credits if he does not allow more mining in this country.   There goes the idea of EVs being environmentally friendly.,0,Tue Apr 18 15:37:32 +0000 2023
162,1648350046780551168, Now do the Biden Crime Family,0,Tue Apr 18 15:37:30 +0000 2023
163,1648350046038134785,  Borrow some Depends from Biden!,0,Tue Apr 18 15:37:30 +0000 2023
164,1648350045278994434," The best of times ended with Joe Biden being elected POUSA, its all downhill since",0,Tue Apr 18 15:37:30 +0000 2023
165,1648350044507045888,"  No, they all went into a meeting room at the Treasury to discuss what crazy conspiracy theory they can come up with about the Biden family, that‚Äôs all.",1,Tue Apr 18 15:37:30 +0000 2023
166,1648350043114721280,"‚ÄòWhat‚Äôs more, it could get easier for the mega-rich to hide their taxable income, thanks to efforts by the Supreme Court and the Biden administration.‚Äô  https://t.co/PG79nwGk7n",0,Tue Apr 18 15:37:29 +0000 2023
167,1648350041873022981, Biden honey pot..That's why we are there. B owns an estate right on the longest trafficking tunnel. https://t.co/6lEKEaEypW,0,Tue Apr 18 15:37:29 +0000 2023
168,1648350035438960643,   you literally leaked the private phone call of 2 heads of state to a Adam Schiff who is a serial pathological liar who then leaked it out into the public through msm. You‚Äôre no different than Jake texiera. In fact worse than him because his leak actually proved Biden‚Äôs lied to us,0,Tue Apr 18 15:37:27 +0000 2023
169,1648350031697838085,"  If not true, why is Biden so complacent with China's behavior?
Do you even think China is a threat?
Do you believe Hunter's laptop is a Russia plant?
Explain your belief it's a lie.",0,Tue Apr 18 15:37:27 +0000 2023
170,1648350029806018564,"  No Administration Actions Exist which would enable NON  CITIZENS to be Eligible for Health Care or Any other Benefits. If joe biden goes forward with Any Action, Administration or otherwise to give Non Citizens Health Care he Must be Arrested and Indicted for Theft of Funds.",0,Tue Apr 18 15:37:26 +0000 2023
171,1648350028254285824," Democrats Biden push ""Transgender Only"" policy, eliminate Male and Female.",0,Tue Apr 18 15:37:26 +0000 2023
172,1648350027859783681, And Hunter biden is still free to walk around.,0,Tue Apr 18 15:37:26 +0000 2023
173,1648350024571719681,"üôåüôåüôå
Biden to Sign Executive Order That Aims to Make Child Care Cheaper https://t.co/mULTbyJa3b",0,Tue Apr 18 15:37:25 +0000 2023
174,1648350022616985601,"   And as for being divisive, Trump labelled the left as ""anti-American"" and accused them of treason years before Biden even announced his 2020 candidacy.",0,Tue Apr 18 15:37:24 +0000 2023
175,1648350020679376896,"  No way he flew there. He‚Äôs terrified of flying in his own country let alone the occupied territories. Also this is legit right across the border of crimea, Biden was closer to the front line lmao.",0,Tue Apr 18 15:37:24 +0000 2023
176,1648350017197858816,Democrats have not only destroyed Women‚Äôs Sports? They want to Erase Women! Turn makes into females! Biden will veto House Bill to protect Women‚Äôs Sports‚Ä¶ https://t.co/kEYgSsCNPl,0,Tue Apr 18 15:37:23 +0000 2023
177,1648350015579127808," Nick ‚ÄúMommy those kings beat my ass‚Äù

Nicks mom ‚ÄúOh I‚Äôm sorry hunny those mean men must have been Trump supporters, Nicky, here‚Äôs a binky, papa Biden will make this better tomorrow‚Äù

Nick ‚ÄúOk thanks mommy, now turn off my light and close the basement door‚Äù 

Lolol",0,Tue Apr 18 15:37:23 +0000 2023
178,1648350013502652417,"It's sad that we trusted . No matter what information comes out of any hearings, she will stand firm with  and defend Biden from Impeachment. This is the deal they made with  to get on useless committees that have already done NOTHING.",0,Tue Apr 18 15:37:22 +0000 2023
179,1648350013205123072," Once the Biden family is arrested, the main Chinese operatives will be accounted for and tried.",0,Tue Apr 18 15:37:22 +0000 2023
180,1648350013008019456,"üåëüåëüåë
 
Private Citizen Joe Biden as the head of the Biden Crime Family participating in a Secret Subversive Marxist Chinese Govt Meeting... https://t.co/fdjcHkSUz1",1,Tue Apr 18 15:37:22 +0000 2023
181,1648350012374433792,"
How many complaints on lack of action by House Rs do you need to start Impeaching Biden and arresting Hunter. etc. Proof is out there, use it! 
 has more balls than you. 
 

? And rest of you???
https://t.co/6aopG85mcC",0,Tue Apr 18 15:37:22 +0000 2023
182,1648350009270599682,DeSantis 2024! We want it to be old man Biden. I‚Äôm afraid Jill and the Dems wont let him run. https://t.co/JKBIHCU0cA,0,Tue Apr 18 15:37:21 +0000 2023
183,1648350004824666116,"  No he isn't.

He's pointing out the mistakes DeSantis made against Disney. That doesn't mean he's siding with Disney.

This is no different than when libtard media said Trump was siding with Putin for pointing out Vlad played the Biden admin.",0,Tue Apr 18 15:37:20 +0000 2023
184,1648350003424002049,"  That has nothing to do with what we're talking about. Biden and his family can go to prison for life for all I care. Calling Southwest's shutdown a ""Biden failure"" is profoundly stupid, and I'm calling it out. Because that's the topic.",0,Tue Apr 18 15:37:20 +0000 2023
185,1648350002983387139," Democrat spending??? Stop with the bullshit, AMERICA spent the money.
During the last administration the GOP gave Donnie a blank check and he spent money like a drunk sailor on shore leave. Now you want to blame 2 years of Biden as the reason for our deficit?",0,Tue Apr 18 15:37:20 +0000 2023
186,1648349998155702275,    I don‚Äôt care about Biden or Trump. They‚Äôre both idiots and have nothing to do with this topic.  Your excuses and deflections are poor and still don‚Äôt change the fact that Lake lost. Sorry!,0,Tue Apr 18 15:37:19 +0000 2023
187,1648349997794983944,   In a lot of ways we did sweep it under the rug when we compensated slave owners for losing all their slaves.,0,Tue Apr 18 15:37:18 +0000 2023
188,1648349997002268674,  I'd be grateful for her disappearance.,0,Tue Apr 18 15:37:18 +0000 2023
189,1648349994879942656, Gotta admit this little rivalry is fun. Especially since it only makes Biden's chances of reelection soar.,0,Tue Apr 18 15:37:18 +0000 2023
190,1648349991088320512,"   No, Biden Harris flags",0,Tue Apr 18 15:37:17 +0000 2023
191,1648349990719307776, BIDEN STOLE THE ELECTION AND EVERYBODY KNOWS IT,0,Tue Apr 18 15:37:17 +0000 2023
192,1648349986030239745,"  ""Alexander stands at the center of a scandal that raises questions about how powerful men in the far-right treat their younger acolytes.""

TDB says this as if one man represents entire far right. Biden doesn't ask for pics he just feels up little girls right in front of parents.",0,Tue Apr 18 15:37:16 +0000 2023
193,1648349984847429632,   They‚Äôd be begging the federal government to help them. Groveling in front of Biden lol,0,Tue Apr 18 15:37:15 +0000 2023
194,1648349978677620736,   Lmfao no they didn‚Äôt. The polls were basically spot on and the majority had Biden in the lead. Way to make shit up.,1,Tue Apr 18 15:37:14 +0000 2023
195,1648349974965501952, They need to arrest the clones and doubles of the Biden‚Äôs. Cause the real one was executed 4-5 years ago for his Pedophille cases,0,Tue Apr 18 15:37:13 +0000 2023
196,1648349972981481475, Your dumping for Biden is scarier. So glad I stopped reading your books back in 1992 when I got out of high school,0,Tue Apr 18 15:37:13 +0000 2023
197,1648349969764720641," We get it wrong, it was not obama, bush, clinton, biden none of them are smart enough to do anything but read what unelected bureaucrats put on the teleprompter. Their big money global handlers are the ones running this show  was the only non-puppet Real American",0,Tue Apr 18 15:37:12 +0000 2023
198,1648349967784763394, More BIDEN voters! So much to learn from Reparation people. Wish they all moved to Commiefornia. I will drive them to San Fran for FREE https://t.co/fVaN1yogmF,0,Tue Apr 18 15:37:11 +0000 2023
199,1648349961782800384," I still remember how angry those hearings made me (b/c I believed Anita Hill and still do &amp; I don‚Äôt blindly believe everyone). I thought she was so incredibly brave. Biden‚Äôs part in the whole thing was part of why it took so long for me to warm up to him. Ugh, still raises my BP.",0,Tue Apr 18 15:37:10 +0000 2023
200,1648349961191571458,"Speaker Kevin McCarthy laid out the House Republican offer for debt-ceiling negotiations, and it might succeed if the GOP can stay united. https://t.co/gzccLBjMuM via ",0,Tue Apr 18 15:37:10 +0000 2023
201,1648349961052905472,"  Yes the same 81 million who were smart enough not to gather in disease ridden crowds like f'kn morons.
The same 81 million who aren't dying 5 times as often as tjhe idiot71 million Trump voter/anti vaxxers.
The smart,loyal American Biden voters.",0,Tue Apr 18 15:37:10 +0000 2023
202,1648349960956440576," also, he's five years younger than biden.",0,Tue Apr 18 15:37:10 +0000 2023
203,1648349959773884416, You have to love Biden working to help Americans while Republicans work to take away and ban American freedoms.,0,Tue Apr 18 15:37:09 +0000 2023
204,1648349959547174912,Me personally I wouldn‚Äôt want blaire white to talk to Biden instead of Dylan üò≠üò≠üò≠üò≠,0,Tue Apr 18 15:37:09 +0000 2023
205,1648349959543218176,Biden WH trying to erase REAL WOMEN from sports! ,2,Tue Apr 18 15:37:09 +0000 2023
206,1648349957374525441,Maybe a weirder fun fact is that he‚Äôs a Joe Biden donor AND a Kamala Harris donor https://t.co/MvRrJ5Ktu0,0,Tue Apr 18 15:37:09 +0000 2023
207,1648349956514643971,"  Definition, metaphor, or analog, of privilege ‚Äî family dynasty ‚Äî the worst kind of privilege.  Biden insistence on supporting anti-privilege ‚Äî a survivalist deflection.  Amusing for us.  A bad example is the best example. Exhibit B for Biden. üéâ",0,Tue Apr 18 15:37:09 +0000 2023
208,1648349956015820800,"  Turd, you understand Biden reversed and added more than Trump, but you're smart.",0,Tue Apr 18 15:37:09 +0000 2023
209,1648349952270036993,"For all you Republicans Hunter, Biden is not part of the Biden administration. Neither is James Biden. This is another failed attempt by a group of losers, better known as Republicans. guess you gave up on the laptop theory and propaganda. Don‚Äôt get your hopes up.Clarence Thomas?",0,Tue Apr 18 15:37:08 +0000 2023
210,1648349949371854852, And the really sad thing in this whole scenario regarding Joe Biden and his family's criminal operation is our top law enforcement agencies within the federal government are protecting Joe and his family from prosecution for selling out the United States to the highest bidder.,0,Tue Apr 18 15:37:07 +0000 2023
211,1648349946775576576,In Biden‚Äôs defense if I was president I would also just go to places I like and spend a surprisingly long time being shown cool stuff https://t.co/OA5ZvVmpgY,1,Tue Apr 18 15:37:06 +0000 2023
212,1648349942082043904,"Weaponizing Public Health via the WHO

Biden surrendered the U.S. to the UN‚Äôs health body at the World Health Organization

Congress is impotent to stop any mandates that they push

#foiaeveryone in government for their oath of office

https://t.co/DyrF6Mk3Lf https://t.co/E4TARFDIny",0,Tue Apr 18 15:37:05 +0000 2023
213,1648349939242598400,Now that Joe Biden and his family have been accused and proved are we going to see anything come of it. Probably not,0,Tue Apr 18 15:37:05 +0000 2023
214,1648349937342763008,Biden DOJ Seeks Quarter-Century Prison Sentence For Jan. 6 Rioter https://t.co/02NnkVo3Tr,0,Tue Apr 18 15:37:04 +0000 2023
215,1648349934222016512, It is a militia of the marxist totalitarian Biden regime led by Kamala.,0,Tue Apr 18 15:37:03 +0000 2023
216,1648349918786994177,Joe Biden is the king of paedophiles https://t.co/8VjdB9JnbJ,0,Tue Apr 18 15:37:00 +0000 2023
217,1648349916375453696,"  How long is going to be before the GOP gonna brings down the Biden crime family I'm getting tired of waiting. 
The longer it takes you the more destruction Joe will do to this country.",0,Tue Apr 18 15:36:59 +0000 2023
218,1648349915318198272," Hahaha the ""if you're eligible"" catch. In the meantime, those of us barely over your threshold are paying double and giving up buying food, prescriptions and clothing to make up the difference.  Biden: ""Let them eat cake"".",0,Tue Apr 18 15:36:59 +0000 2023
219,1648349911019315205,This man is shaking more than Joe Biden himself!! Of course he spoke on #Bitcoin it‚Äôs the millionaires crypto with no regulatory clarity needed which is BULLSHIT and ETH got a free pass from Hinman because the SEC at the time profited from  and ‚Ä¶ https://t.co/CqVfUtX9ir,0,Tue Apr 18 15:36:58 +0000 2023
220,1648349907386859522," 2000 pages? Moscow Marge, Donald Trump has probably 2 million pages. I can see why you‚Äôre going after Biden rather than Trump, you don‚Äôt like reading or I‚Äôm sorry you can‚Äôt read lol.",0,Tue Apr 18 15:36:57 +0000 2023
221,1648349906711502849, Biden first,0,Tue Apr 18 15:36:57 +0000 2023
222,1648349904602025985,"  Twitter is no longer a propaganda-free zone so your blatant propaganda will always have a home here.
Joe Biden won because this is a democracy and the voters chose him. Trump was such a sore loser that he tried to overthrow the entire U.S. government. That's what happened.",0,Tue Apr 18 15:36:56 +0000 2023
223,1648349901984595968, Your claim to fame is being Biden‚Äôs wife it‚Äôs not much is it,0,Tue Apr 18 15:36:56 +0000 2023
224,1648349901246414849,Dear  https://t.co/5PfhNTkXfY,0,Tue Apr 18 15:36:55 +0000 2023
225,1648349897807253504,Are the officials in this installed admin really this dumb or is it an act so they don‚Äôt overshadow Biden?,1,Tue Apr 18 15:36:55 +0000 2023
226,1648349897672859653," Is there a man in Mexico with a mustache.ü§£ü§£ü§£
I hope all of the U.S. of America will vote for Joe Biden.üêï‚Äçü¶∫‚úãüíôüëç‚ù§Ô∏èüòâüôèüá©üá∞üá∫üá∏",0,Tue Apr 18 15:36:55 +0000 2023
227,1648349896745820160,Biden banks on the general population not understanding what his policies do to them.,0,Tue Apr 18 15:36:54 +0000 2023
228,1648349895609253889,"HERSCHEL WALKER: The Real War On Women Is Here, And Joe Biden Is Leading It https://t.co/jP28QUXalv via ",0,Tue Apr 18 15:36:54 +0000 2023
229,1648349893029658624, He can't wait to shower with Bidan and Biden,0,Tue Apr 18 15:36:54 +0000 2023
230,1648349890915729409,"# Biden‚Äôs mishandling and dereliction of our border security is disgraceful, clueless &amp; sheer incompetence‚Ä¶.  His policies are making this country unsafe and putting innocent lives at risk ‚Ä¶.  ",0,Tue Apr 18 15:36:53 +0000 2023
231,1648349879163289604,"Some #GOP reps prefer default over raising debt ceiling. If default happens, GOP will blame dems for #economic chaos, which extremist base may accept, but not most voters
https://t.co/bZf4YVgyEZ

     ",7,Tue Apr 18 15:36:50 +0000 2023
232,1648349875409395713," I just put on Fox business as usual Breaking Biden‚Äôs balls about transgender issues
When they are about to go to court to get sued, what a circus, Fox News has turned out to be I really hope and pray that people start to realize that they suck",0,Tue Apr 18 15:36:49 +0000 2023
233,1648349874406973440,  Joe Biden couldn‚Äôt win a game of Go Fish without the Dems cheating for him.,0,Tue Apr 18 15:36:49 +0000 2023
234,1648349873815670784,"Biden basically
- Son is crack
- Destabilized Russia/Ukraine
- Lost world leader status
- Destabilized USD
- Approved some whacko bills
- Fucked up oil with saudi
- Now Saudi

is this tweet racist?
Get a republican that is kind to liberals in office. enough of selling our country",0,Tue Apr 18 15:36:49 +0000 2023
235,1648349872142024706,"  Nope, just thought you should know it.

You are obviously ignorant and cannot understand more complex things, can't comprehend the context. 

So I tried to explain to you that Biden/Obama/Trump had no effect on Putin's decision. If anything, he waited for Merkel to leave office.",0,Tue Apr 18 15:36:49 +0000 2023
236,1648349866131595264,"  My guy, you replied to Biden with an incredibly dumb comment about EVs bursting into flames when wet. Now you're grumpy because someone took your bait and called you a fucking idiot. Maybe if you actually knew that you were saying bullshit, you shouldn't say it.",0,Tue Apr 18 15:36:47 +0000 2023
237,1648349865775099909,"    Sounds like Biden‚Äôs Regime. Big Government and Big tech, Globalist one world government bullshit.Oh and Warmongers U.S. troops in Ukraine now. Wake up",0,Tue Apr 18 15:36:47 +0000 2023
238,1648349862046433281, Are Hunter Biden and Donald Jr. buddies?,0,Tue Apr 18 15:36:46 +0000 2023
239,1648349858456289286,   Biden wins more votes than Obama but only half the counties. Just another anomaly that never occurs naturally.,0,Tue Apr 18 15:36:45 +0000 2023
240,1648349858028290050,"JUST ANNOUNCED: President Biden will sign the MOST comprehensive Executive Order EVER including 50+  directives to nearly every cabinet-level agency to expand access to affordable, high-quality care, &amp; provide support for care workers &amp; family caregivers. 
https://t.co/5ZRtDZKHNm",224,Tue Apr 18 15:36:45 +0000 2023
241,1648349857973956608,"MTG who needed a pardon 3 days into her job, has done nothing for her GA constituents. She spends her time in Congress protecting Trump &amp; trying to ‚Äúget‚Äù Biden. She claims to have dirt on Biden but she doesn‚Äôt present it, instead asks for someone to come forward &amp; give her dirt. https://t.co/ZW9xeIbdAh",0,Tue Apr 18 15:36:45 +0000 2023
242,1648349855360897024,"   Except the media has no reason to attack the left for the actions of a trans or Biden voter or Bernie employee. This is why you only see the right being attacked, and the beauty of being in the middle is that I can see all idiocy and don‚Äôt have voluntary blinders on",0,Tue Apr 18 15:36:45 +0000 2023
243,1648349849035632644,  Anyone voting for Biden is very confused,0,Tue Apr 18 15:36:43 +0000 2023
244,1648349844984176640,"üòÆü§£ü§£üòÇüòÇThis dude is CERTIFIABLE!
'He told me he voted for me': Trump throws tantrum after Elon Musk admits backing Biden https://t.co/RkylhRaXDV",12,Tue Apr 18 15:36:42 +0000 2023
245,1648349844765802497,"Just Announced:
Dark Biden is working for the American people while the GQP works for the 1% super rich.",42,Tue Apr 18 15:36:42 +0000 2023
246,1648349843901784064, When exactly did you have time to read 2000 pages of ANYTHING when all you are doing is spouting off on Twitter and searching for any way you can to slap Biden around while running to New York to defend donnie? Your little one way mind couldn't handle it........,0,Tue Apr 18 15:36:42 +0000 2023
247,1648349843834785792,"Elon Musk 
Did you really vote for Joe Biden ?",0,Tue Apr 18 15:36:42 +0000 2023
248,1648349841234477062,Biden Investigation: Kentucky Rep. James Comer told NEWSMAX that his committee's revelatory investigation now pins nine members of the Biden family connected to influence peddling. https://t.co/hE4A9i2XkH https://t.co/Dz3VI70c6M,0,Tue Apr 18 15:36:41 +0000 2023
249,1648349839787446278,"Biden administration ignored warning signs, dodged blame for migrants forced into child labor: Report https://t.co/VQxpIF4rmD #FoxNews",0,Tue Apr 18 15:36:41 +0000 2023
250,1648349839078354947," Maybe that‚Äôs the point. I genuinely think there are some Republicans who are okay with essentially handing ‚Äò24 to Biden because it gives them something to run against. ‚ÄúBiden is terrible, give me money‚Äù! 
I want a Republican nominee who can actually beat Biden. We need to win",0,Tue Apr 18 15:36:41 +0000 2023
251,1648349835706134528,"   I would like an admission of error that you voted for Biden.  All your accomplishments all your amazingness, and now I have to question your judgment, or mine? Seeing 's capabilities before and after the election, it was clear to me Trump was the better choice.",0,Tue Apr 18 15:36:40 +0000 2023
252,1648349831784718336," Honest US citizen here, I don‚Äôt get why many people hate Biden. I think he‚Äôs one of the best presidents  in the country right now. He needs time to do this. We should back him and trust the process. We can do this! Let‚Äôs go US!",0,Tue Apr 18 15:36:39 +0000 2023
253,1648349831662796802,Polls show Republicans can beat Biden in 2024 but not if they nominate Trump: https://t.co/UTo2Ye2bim,0,Tue Apr 18 15:36:39 +0000 2023
254,1648349829762826242,  If you can't accept the utter failure of Biden in that sh*tshow then you are just a sheep. The failure of the supreme military commander in guiding the army and  foreign policy months after his election is just incompetency and not the fault of the guy who is no longer in power.,0,Tue Apr 18 15:36:38 +0000 2023
255,1648349822821310464," Who are these people?? I literally know only one person IRL who approves of Biden, she‚Äôs I.",0,Tue Apr 18 15:36:37 +0000 2023
256,1648349822544670720, Biden has been a complete disaster in every area.,0,Tue Apr 18 15:36:37 +0000 2023
257,1648349822183698438,"Biden administration likes to watch dudes compete in women's sports. 

What a nightmare this administration is. ü§°show.",0,Tue Apr 18 15:36:37 +0000 2023
258,1648349822016012288,"In  just now I asked the ORR Director why 85,000 children from the border are missing once they're placed to sponsors through her agency.  

She had no answers.  

The Biden Administration has faux compassion for these kids. https://t.co/3hOfvZ78uP",828,Tue Apr 18 15:36:37 +0000 2023
259,1648349821525458944,"  Can you give me Biden's dates of service?

Oh, that's right, he was deferred five times just like Trump...",0,Tue Apr 18 15:36:36 +0000 2023
260,1648349816790061056,Biden is helping russia more and more - he is a criminal,0,Tue Apr 18 15:36:35 +0000 2023
261,1648349815972003842," I‚Äôve only voted democrat my whole life, for a variety of reasons.  I still can‚Äôt get down with the far rights social agenda, but watching Gensler, Warren, Clinton, Biden etc exploit the lack of public knowledge surrounding digital assets has been a turning point.",0,Tue Apr 18 15:36:35 +0000 2023
262,1648349815305035777, Joe Biden is a criminal must be brought up on treason along with Hunter Biden Jill Biden Chuck Schumer Mitch McConnell Nancy pelosi Adam Schiff Maxine Waters,0,Tue Apr 18 15:36:35 +0000 2023
263,1648349814046748674,"I'm a Trump, Desantis, Youngkin, Scott Republican.  BUT......who else is just simply tired and exhausted of all the whining about all that Biden and family do and have done but nothing is ever...ever ...EVER done!!!",0,Tue Apr 18 15:36:35 +0000 2023
264,1648349814000848897, When will you pay your fair share? When will Hunter and the rest of the Biden family pay their fair share?,0,Tue Apr 18 15:36:35 +0000 2023
265,1648349813765709830,"  133 million is false, 159 million is more accurate.  But I agree , they reached full capacity  with 81 million for basement  Biden.",0,Tue Apr 18 15:36:35 +0000 2023
266,1648349812935237634,"  To think even his own family won't endorse him. His family and Joe Biden have been friends for decades. 
I don't know where this Kennedy went off the rails, but he took a bad turn some place.",1,Tue Apr 18 15:36:34 +0000 2023
267,1648349811521859584," It seems to me that AF-1 has a door on the other side of the plane.  I may be wrong,  but I thought I'd seen it somewhere.  I'll try to see if I can find it.  I don't doubt for a minute they'd fake this, though.  The whole Biden Administration is fake.",1,Tue Apr 18 15:36:34 +0000 2023
268,1648349809244524544," Open Season on Former Presidents now,
So let's hear from OBAMA Under Oath on his Knowledge of the Biden's Family involvement?",0,Tue Apr 18 15:36:34 +0000 2023
269,1648349808225304577," Change the name from ""Biden Family"" to ""Trump Family"" and the same ppl saying it was in the up and up would he clamoring for the Trump Family arrest.",0,Tue Apr 18 15:36:33 +0000 2023
270,1648349802915319810,Critics Slam Biden For Being Dishonest About Afghanistan https://t.co/e6qAS3JFTM,1,Tue Apr 18 15:36:32 +0000 2023
271,1648349799077355520," Let me guess, John F, Left this part out. Double it, inflation, and being that over 5 million illegals walked on in since Joe Biden took office. 
https://t.co/ALLy0cOiBb‚Ä¶ https://t.co/CtDUNIEFch",0,Tue Apr 18 15:36:31 +0000 2023
272,1648349794362859521,  When did you become so conservative? When the democrats duped you to vote for joe Biden you got mad and bought Twitter you could care less about free speech!  will never come back to Twitter üëç,0,Tue Apr 18 15:36:30 +0000 2023
273,1648349790860632065, That‚Äôs one small round of applause for Joe Biden vs. one thousand giant crowds cheering for Trump. #wow,0,Tue Apr 18 15:36:29 +0000 2023
274,1648349789480681474," The Biden Administration is the direct result of EQUITY!
  Being competent has nothing to do with EQUITY!!!",0,Tue Apr 18 15:36:29 +0000 2023
